{
  "name": null,
  "x": 0.0,
  "y": 0.0,
  "width": 21,
  "height": 13,
  "flip": 1,
  "attachPoints": [
    {
      ".": "arraytype",
      "name": "array",
      "size": 3
    },
    {
      "name": "PrimaryHand",
      "position": {
        "x": 0.125,
        "y": 0.3125,
        "z": 0.0
      },
      "angle": 0.0
    },
    {
      "name": "Clip",
      "position": {
        "x": 0.5625,
        "y": 0.375,
        "z": 0.0
      },
      "angle": 0.0
    },
    {
      "name": "Casing",
      "position": {
        "x": 0.5625,
        "y": 0.375,
        "z": 0.0
      },
      "angle": 0.0
    }
  ]
}